<?xml version="1.0" encoding="UTF-8"?>
<?xml-stylesheet type="text/xsl" href="configuration.xsl"?>

<configuration>
   <property>
   <name>hbase.rootdir</name>
     <value>hdfs://master.jorbinzh.com:9000/hbase</value>
      <description>The directory shared by region servers. Should be fully-qualified to include the filesystem to use. E.g: hdfs://NAMENODE_SERVER:PORT/HBASE_ROOTDIR</description>
   </property>
   <property>
      <name>hbase.master</name>
      <value>hdfs://master.jorbinzh.com:60000</value>
      <description>The host and port that the HBase master runs at.</description>
   </property>
   <property>
      <name>hbase.cluster.distributed</name>
      <value>true</value>
      <description>The mode the cluster will be in. Possible values are
      false: standalone and pseudo-distributed setups with managed Zookeeper
      true: fully-distributed with unmanaged Zookeeper Quorum (see hbase-env.sh)</description>
   </property>
   <property>
      <name>hbase.master.info.port</name>
      <value>60010</value>
      <description>The UI interface of HBase master runs.</description>
   </property>
   <property>
      <name>hbase.zookeeper.quorum</name>
      <value>members</value>
      <description>string m_e_m_b_e_r_s is replaced by list of hosts separated by comma. Its generated by configure-slaves.sh on master node</description>
   </property>
   <property>
      <name>hbase.zookeeper.property.maxClientCnxns</name>
      <value>300</value>
   </property>
      <property>
      <name>hbase.zookeeper.property.datadir</name>
      <value>file:///root/zookeeper</value>
      <description>location of storage of zookeeper data</description>
   </property>
</configuration>
