<?xml version="1.0" encoding="UTF-8"?>
<spiderman name="investopedia">
    <extract>
        <extractor name="HtmlCleaner" class="net.kernal.spiderman.worker.extract.HtmlCleanerExtractor" isDefault="1" />
        <page name="terms" isPersisted="1" extractor="HtmlCleaner">
			<url-match-rule type="regex" value="^http://bbs\.tianya\.cn/post-\d+-\d+-\d+.shtml$" />
			<model>
			   <field name="title" xpath="//title/text()" />
			   <field name="name" xpath="//target" attr="name" />
			     <field name="author" xpath="//div[@id='post_head']/div[1]/div[2]/span[1]/a" attr="uname"/>
			     <field name="html" xpath="//div[@id='bd']/div[4]/div[1]/div/div[2]/div[1]/text()">
			    	 <filter type="script">$this.replace(" ","").trim()</filter> 
			     </field> 
			     <field name="publicdate" xpath=".//*[@id='post_head']/div[1]/div[2]/span[2]/text()" >
			    	<filter type="script">$this.replace("时间：","")</filter> 
			    </field> 
			</model>
		</page> 
	</extract>
</spiderman>
