<?xml version="1.0"?>
<?xml-stylesheet type="text/xsl" href="configuration.xsl"?>
<!-- /** * * Licensed to the Apache Software Foundation (ASF) under one * 
	or more contributor license agreements. See the NOTICE file * distributed 
	with this work for additional information * regarding copyright ownership. 
	The ASF licenses this file * to you under the Apache License, Version 2.0 
	(the * "License"); you may not use this file except in compliance * with 
	the License. You may obtain a copy of the License at * * http://www.apache.org/licenses/LICENSE-2.0 
	* * Unless required by applicable law or agreed to in writing, software * 
	distributed under the License is distributed on an "AS IS" BASIS, * WITHOUT 
	WARRANTIES OR CONDITIONS OF ANY KIND, either express or implied. * See the 
	License for the specific language governing permissions and * limitations 
	under the License. */ -->
<configuration>
	<property>
		<name>hbase.rootdir</name>
		<value>hdfs://localhost:8020/hbase</value>
	</property>
	<property>
		<name>hbase.cluster.distributed</name>
		<value>false</value>
	</property>
	<property>
		<name>dfs.replilcation</name>
		<value>1</value>
	</property>
</configuration>
