<?xml version="1.0" encoding="UTF-8"?>
<?xml-stylesheet type="text/xsl" href="configuration.xsl"?>
<configuration>
   <property>
      <name>dfs.datanode.data.dir</name>
      <value>file:///root/hdfs/datanode</value>
      <description>DataNode directory</description>
   </property>
   <property>
      <name>dfs.namenode.name.dir</name>
      <value>file:///root/hdfs/namenode</value>
      <description>NameNode directory for namespace and transaction logs storage.</description>
   </property>
   <property>
      <name>dfs.replication</name>
      <value>3</value>
   </property>
   <property>
      <name>dfs.permissions</name>
      <value>false</value>
   </property>
   <property>
      <name>dfs.datanode.use.datanode.hostname</name>
      <value>false</value>
   </property>
        <property>
        <name>dfs.webhdfs.enabled</name>
        <value>true</value>
   </property>
   <property>
      <name>dfs.namenode.datanode.registration.ip-hostname-check</name>
      <value>false</value>
      <description>If true (the default), then the namenode requires that a connecting datanode's address must be resolved to a hostname. If necessary, a reverse DNS lookup is performed. All attempts to register a datanode from an unresolvable address are rejected. It is recommended that this setting be left on to prevent accidental registration of datanodes listed by hostname in the excludes file during a DNS outage. Only set this to false in environments where there is no infrastructure to support reverse DNS lookup.</description>
   </property>
</configuration>