<?xml version="1.0" encoding="UTF-8"?>
<configuration>
   <property>
      <name>yarn.nodemanager.aux-services</name>
      <value>mapreduce_shuffle</value>
   </property>
   <property>
      <name>yarn.nodemanager.aux-services.mapreduce_shuffle.class</name>
      <value>org.apache.hadoop.mapred.ShuffleHandler</value>
   </property>
   <property>
      <name>yarn.resourcemanager.resource-tracker.address</name>
      <value>master.jorbinzh.com:8025</value>
   </property>
   <property>
      <name>yarn.resourcemanager.scheduler.address</name>
      <value>master.jorbinzh.com:8030</value>
   </property>
   <property>
      <name>yarn.resourcemanager.address</name>
      <value>master.jorbinzh.com:8040</value>
   </property>
   <property>
      <name>yarn.nodemanager.address</name>
      <value>master:8050</value>
   </property>
   <property>
      <name>yarn.nodemanager.localizer.address</name>
      <value>master:8060</value>
   </property>
</configuration>